,zone
0,V7R 4K9
1,V3M 3N7
2,V5Z 1K1
3,V6B 5Z3
4,V6T 2B9
5,V3L 2T3
6,V6A 3L5
7,V6E 4L4
8,V7R 4N4
9,V7R 4W1
10,V7R 4T8
11,V7R 4V3
12,V7R 4W6
13,V5A 4X6
14,V5K
15,V5M
16,V5N
17,V5R
18,V5T
19,V5T 1A7
20,V5V
21,V5W
22,V5Y
23,V6B 3A4
24,V6E 1B2
25,V6E 1G7
26,V6E 1J6
27,V6G
28,V6H
29,V6J
30,V6K
31,V6P
32,V6T
33,V7B 1C7
34,V7M
35,V7P
36,V3L 1A9
37,V3L 3X1
38,V3L 4G6
39,V3L 4M8
40,V3M 1C4
41,V3M 2A5
42,V5L
43,V5P
44,V5S
45,V5T 2C3
46,V5X
47,V5Z
48,V6A
49,V6A 3X2
50,V6B 1C5
51,V6B 1P1
52,V6B 3G2
53,V6B 6L2
54,V6C
55,V6E 1T8
56,V6E 1V1
57,V6L
58,V6M
59,V6R
60,V6S 0A9
61,V6S 2E1
62,V6Z
63,V7X
64,V7Y
65,V3L 0E3
66,V3L 5P5
67,V3M 6H5
68,V3N 4C3
69,V5G 4M9
70,V5H 2B3
71,V5N 3P9
72,V5V 3P3
73,V5Y 0B1
74,V5Y 4B7
75,V6A 1A4
76,V6A 1E1
77,V6A 1E3
78,V6A 1G4
79,V6A 1M9
80,V6A 2P3
81,V6A 2S7
82,V6A 2W5
83,V6A 2Z9
84,V6A 3L8
85,V6B 0J4
86,V6B 2L3
87,V6B 2R7
88,V6B 2Z5
89,V6B 3B4
90,V6B 3K4
91,V6B 3L9
92,V6B 4M3
93,V6B 4P4
94,V6B 5A1
95,V6B 5P2
96,V6C 3A8
97,V6E 1C2
98,V6E 1X9
99,V6E 1Z3
100,V6E 2P4
101,V6E 4M3
102,V6G 2A7
103,V6K 2M4
104,V6K 3G6
105,V6N
106,V6S 0B5
107,V6Z 2N2
108,V7J
109,V7R 4P6
110,V7Y 1G5
111,V1M 3G1
112,V3L 1A7
113,V3L 1B9
114,V3L 1K3
115,V3L 3P2
116,V3L 5S3
117,V3M 0G8
118,V3M 4K4
119,V3M 5T5
120,V5G 4J3
121,V5G 4L7
122,V5G 4X7
123,V5K 1B5
124,V5L 3K9
125,V5M 4J1
126,V5M 4T5
127,V5N 2P7
128,V5Y 1K7
129,V5Z 2G9
130,V5Z 3M5
131,V6A 1B1
132,V6A 1K7
133,V6A 1R8
134,V6A 1T1
135,V6A 1X9
136,V6A 2M2
137,V6A 3K1
138,V6A 3T8
139,V6B 5A7
140,V6E 1N1
141,V6E 1P1
142,V6E 3V8
143,V6E3W1
144,V6H 2R5
145,V6J 5G4
146,V6M 2Z2
147,V6M 3A5
148,V6R 3S5
149,V7L 1A4
150,V7L 2N3
151,V3L 0E7
152,V3L 3V9
153,V3M 1A5
154,V5L 2C4
155,V5L 5C3
156,V5P 3Y7
157,V5R 2A1
158,V5W 1P3
159,V5X 4C5
160,V5Y 1G9
161,V5Y 2Z6
162,V6A 1G7
163,V6A 1Z3
164,V6A 1Z5
165,V6A 2H2
166,V6A2V7
167,V6B 1C6
168,V6B 1S5
169,V6B 1T5
170,V6B 1V4
171,V6B 2X1
172,V6B 5X5
173,V6C 2R7
174,V6E 1C1
175,V6E 1J7
176,V6E 1N5
177,V6E 1Y4
178,V7H 1A8
179,V7L 2A4
180,V3L 0C9
181,V3L 2G1
182,V3L 3C5
183,V3M 1K3
184,V3M 5Z5
185,V5L 3X2
186,V5T 1C7
187,V5Y 3H4
188,V5Z 0A2
189,V6A 2E3
190,V6A 3Y9
191,V6A 4C7
192,V6A 4H6
193,V6B 0J9
194,V6J 1M6
195,V6M 2W9
196,V7M 2K3
197,V3L 1G2
198,V3N 2G5
199,V5L 3T4
200,V5R 5L6
201,V5T 4V5
202,V6A 1R1
203,V6A 2M9
204,V6A 2V8
205,V6A 3A3
206,V6B 1R3
207,V6B 2K9
208,V6M 2A9
209,V6S 0E3
210,V7L
211,V7M 3K2
212,V5N 1C3
213,V5N 1X8
214,V6A 1P6
215,V6A 1X5
216,V6A 2V4
217,V6B 2J2
218,V6B 6L9
219,V6J 3X2
220,V7M 2K1
221,V5M 0C4
222,V5T 1J5
223,V5V 3M5
224,V6A 1S2
225,V6A 2S5
226,V6B 1G4
227,V6E 3J7
228,V6G 3A5
229,V6M 1V1
230,V3L 3B2
231,V3M 2M9
232,V3M 3L9
233,V3M 6T95
234,V5L 1K5
235,V5L 2E3
236,V5L 2H1
237,V5L 2K8
238,V6B
239,V6B 1C9
240,V6H 3S3
241,V6N 2C4
242,V7P 1S2
243,V3L 3A9
244,V3L 3X6
245,V5S 4B3
246,V5T 3A8
247,V5T 3K4
248,V5T 4C2
249,V5Z 3N5
250,V6A 1H7
251,V6A 1X3
252,V6A 3S7
253,V6B 1H4
254,V6B 1V8
255,V6E 0B4
256,V6E 1Z6
257,V6J 4M6
258,V6S 0A3
259,V6Z 2B7
260,V7H 1B1
261,V7L 2T3
262,V3L 5B3
263,V3L4C9
264,V5L 4E7
265,V5M 2E9
266,V5T 2K4
267,V6H 1J4
268,V6J 1X6
269,V6J 4A1
270,V6S 0B7
271,V6Z 1Y5
272,V3C 2S9
273,V5N 4Z2
274,V6A 2V7
275,V6B 1C1
276,V6B 2J1
277,V6E 1N4
278,V6L 2H8
279,V6M 1L8
280,V6R 1V9
281,V6R 4K5
282,V3M 0J2
283,V5N 4L1
284,V6A 3G1
285,V6B 1K6
286,V3M 1R2
287,V5N 4V1
288,V5Y 2M4
289,V6G 1Y7
290,V6J 2L7
291,V6K 3E6
292,V5L 1S3
293,V5N 4K1
294,V5Y 0E4
295,V6B 0G0
296,V6E 1M5
297,V6K 1T2
298,V6S 0B0
299,V3L 0H4
300,V3L 2W6
301,V3N 3N4
302,V5L 1V3
303,V5L 1Y3
304,V5N 3S5
305,V5R 6G4
306,V5T 2G1
307,V5Y 1H4
308,V5Z 2L5
309,V6M 1V5
310,V5K 4H6
311,V5P 4K6
312,V5R 5G8
313,V5X 2R5
314,V6B 1G7
315,V6E 3P3
316,V3L 4C9
317,V5Y 1B8
318,V6B 1T3
319,V6B 2R5
320,V6H 2R2
321,V5N 1H2
322,V5X 3L6
323,V6B 1E1
324,V6E 1T7
325,V7L 1L1
326,V7L 4B3
327,V5Y 1B3
328,V6B 3P3
329,V3L 2K1
330,V3M 2S7
331,V5L 3B1
332,V5L 4E2
333,V5T 1B3
334,V5T 4T1
335,V5Z 2R3
336,V6B 1G6
337,V5L 1L5
338,V5R 6G8
339,V5T 1S1
340,V6C 1X5
341,V7J 2K7
342,V5L 4E5
343,V5Z 3N2
344,V6E 1L6
345,V6J 1K3
346,V1M 2R6
347,V5N 2B7
348,V5M 3E4
349,V5V 3E2
350,V6A 0A7
351,V6A 1B2
352,V6A 1G2
353,V6A 1T3
354,V6A 2W1
355,V6H 1S5
356,V6K 1A1
357,V3M 4H4
358,V5Z 3M9
359,V6B 6R5
360,V6E 4M8
361,V6H 2K5
362,V6Z 2X7
363,V6B 2K7
364,V6B 6B1
365,V6P 1Y1
366,V5M 4P3
367,V5Z 4K6
368,V6G 3B1
369,V6H 3R9
370,V5R 5L1
371,V6K 2X8
372,V3M 3K3
373,V3L 3C2
374,V5T 4K8
375,V5T 3K5
376,V6Z 1B1
377,V7L 2J2
378,V7N 1X1
379,V5L 2P7
380,V5V 4S9
381,V6H 3S6
382,V5N 0B5
383,V5P 1E4
384,V5T 1E8
385,V5V 2T3
386,V6B 6N7
387,V6H 1R3
388,V5N 4M4
389,V5T 4R8
390,V5W 1A6
391,V6A 1M3
392,V6E 2E9
393,V6K 4T4
394,V6R 3W6
395,V3L 5M4
396,V5N 4E9
397,V5Y 3J6
398,V6B 1E5
399,V6T 1K2
400,V5N 1S2
401,V6B 5J3
402,V6E 4A2
403,V7M 2H3
404,V6B 2N7
405,V6M 2W7
406,V6R 2R1
407,V5P 2L5
408,V5T 2R6
409,V6B 1X4
410,V6G 1X5
411,V5L 4N8
412,V5T 1J3
413,V5N 1X7
414,V5N 1W3
415,V6M 1X1
416,V7M 2G1
417,V5K 1Z3
418,V3M 4G9
419,V5R 5L7
420,V6H 3R5
421,V7M 1J6
422,V3M 6B9
423,V3N 3H7
424,V5N 2T6
425,V6B 1B7
426,V6G 2W3
427,V6S 0B6
428,V6M 1P8
429,V5K 2C3
430,V5N 1T5
431,V5P 3N8
432,V5Y 3W3
433,V5X 1W2
434,V6P 3T9
435,V5L 4B8
436,V6A 1R2
437,V6M 2X2
438,V5K 1Z2
439,V5L 3X1
440,V5V 5E9
441,V6B 2N3
442,V6S 0B1
443,V6T 1L4
444,V6Z 1X6
445,V6Z 2K8
446,V7Y 1A1
447,V5Y 0B2
448,V5Z 2L7
449,V6J 3Y5
450,V6M 1L9
451,V2J 3A9
452,V5T 1W9
453,V7Y 1E8
454,V5L 2W2
455,V5R 5G9
456,V6A 1E9
457,V5N 1A9
458,V5N 3L8
459,V5N 4L3
460,V6J 2C2
461,V6H 4A7
462,V5R 5L4
463,V6E 1A1
464,V5Y 3X2
465,V6H 3J7
466,V5V 3A4
467,V5V 4E6
468,V6B 3J5
469,V6R 2J1
470,V6Z 1M1
471,V6B 4N5
472,V6B 1A5
473,V5P 3T6
474,V5Z 2T1
475,V5Z 2M9
476,V6E 4R5
477,V6H 3P7
478,V5K 4Z6
479,V5Z 1N6
480,V6E 1C6
481,V6R 3R6
482,V5N 1V6
483,V5W 2L8
484,V6J 1C9
485,V6G 2J7
486,V5Z 2S1
487,V6H 1L3
488,V6Z 1Y6
489,V6B 4N6
490,V6Z 2C7
491,V5L 4X9
492,V6A 1P1
493,V6Z 2R9
494,V6M 2A8
495,V5R 5K4
496,V6B 0G9
497,V7M 3N2
498,V7P 1E4
499,V5X 2S5
500,V5Z 2S4
501,V6E 1N2
502,V5R 4G8
503,V7R 4L9
504,V6C 1S4
505,V5L 1N9
506,V5M 3H8
507,V6H 3S2
508,V6N 4G1
509,V6T 0B3
510,V5M 4C1
511,V5T 2W6
512,V6Z 2T9
513,V6A 1Z7
514,V6E 1V8
515,V3L 3H7
516,V5K 3A6
517,V6C 0B9
518,V5N 5E5
519,V6E 3T3
520,V5N 3T2
521,V6C 1V4
522,V7M 1B3
523,V5K 1Y8
524,V5H 3E8
525,V6S 0B4
526,V6B 1P2
527,V6P 3M4
528,V7J 1H2
529,V5X 4K1
530,V6E 4H6
531,V5X 0C4
532,V6B 1Y1
533,V6H 2S4
534,V6E 4S7
535,V5R 2T3
536,V5T 4T6
537,V5N 5E4
538,V6P 6Y5
539,V6B 2M8
540,V5N 3Z8
541,V6J 3H1
542,V6T 1J6
543,V6B 0M2
544,V6E 1A3
545,V5R 5H3
546,V6E 1Z7
547,V5K 1Z8
548,V5R 1P3
549,V5P 3V8
550,V5M 1Z6
551,V6B 2T5
552,V6J 3Y4
553,V5M 2Z2
554,V5Z 3S2
555,V6G 2M8
556,V6H 1T7
557,V5R 6H5
558,V5Y 3R4
559,V6J 2B8
560,V6Z 2H2
561,V5K 3K3
562,V5Y 4B1
563,V6J 3H6
564,V6J 1R1
565,V6G 1B9
566,V6M 3A6
567,V6L 2P2
568,V6K 3E4
569,V5R 3C4
570,V6M 1V3
571,V5Y 1M8
572,V6B 1H7
573,V5Y 0B8
574,V6A 1G1
575,V6M 1Z6
576,V5K 3N8
577,V5P 3Y8
578,V5R 5J8
579,V5R 5K7
580,V3L 0A4
581,V3L 1G6
582,V3L 1J6
583,V3L 1J7
584,V3L 1L8
585,V3L 1M2
586,V3L 1M6
587,V3L 1N4
588,V3L 1T1
589,V3L 1V5
590,V3L 1W1
591,V3L 2B2
592,V3L 2C4
593,V3L 2E2
594,V3L 2G2
595,V3L 2G6
596,V3L 2G7
597,V3L 2H6
598,V3L 2K5
599,V3L 2M2
600,V3L 2N9
601,V3L 2P2
602,V3L 2P7
603,V3L 2R1
604,V3L 2X2
605,V3L 3C7
606,V3L 3C8
607,V3L 3G8
608,V3L 3H3
609,V3L 3H4
610,V3L 3J1
611,V3L 3L3
612,V3L 3M6
613,V3L 3N1
614,V3L 3T7
615,V3L 3T8
616,V3L 3Z5
617,V3L 3Z7
618,V3L 4B3
619,V3L 4B7
620,V3L 4B9
621,V3L 4H5
622,V3L 4K2
623,V3L 4K6
624,V3L 4K8
625,V3L 4R5
626,V3L 5B7
627,V3L 5E8
628,V3L 5H4
629,V3L 5M1
630,V3L 5R2
631,V3L 5R6
632,V3M 1N4
633,V3M 1N5
634,V3M 1W3
635,V3M 1W4
636,V3M 1Y4
637,V3M 2V9
638,V3M 3B5
639,V3M 3H7
640,V3M 3S8
641,V3M 3S9
642,V3M 3Y6
643,V3M 4E9
644,V3M 4G4
645,V3M 4J4
646,V3M 4J8
647,V3M 4J9
648,V3M 4K2
649,V3M 4K3
650,V3M 4K7
651,V3M 4M1
652,V3M 4R2
653,V3M 6H6
654,V3M 7A8
655,V3N 2S4
656,V3N 2T2
657,V3N 5B9
658,V5H 2H9
659,V5H 3E9
660,V5K 1E6
661,V5K 1G9
662,V5K 1H5
663,V5K 1J6
664,V5K 1L9
665,V5K 1M2
666,V5K 1S5
667,V5K 1V6
668,V5K 2H3
669,V5K 2K8
670,V5K 2L2
671,V5K 2R4
672,V5K 2S4
673,V5K 3A8
674,V5K 3E1
675,V5K 3K4
676,V5K 3K5
677,V5K 3L1
678,V5K 3S1
679,V5K 3W5
680,V5K 4G3
681,V5K 4G4
682,V5K 4H3
683,V5K 4K1
684,V5K 4N2
685,V5K 4R9
686,V5K 4Z8
687,V5K 5B8
688,V5K 5E4
689,V5K 5H3
690,V5K 5H5
691,V5K 5J1
692,V5L 1B2
693,V5L 1B4
694,V5L 1B8
695,V5L 1E9
696,V5L 1G6
697,V5L 1H5
698,V5L 1L6
699,V5L 1V8
700,V5L 1W9
701,V5L 1Y4
702,V5L 1Z8
703,V5L 2B4
704,V5L 2J2
705,V5L 2T1
706,V5L 2T5
707,V5L 2V1
708,V5L 3B9
709,V5L 3E8
710,V5L 3J6
711,V5L 3K4
712,V5L 3K8
713,V5L 3L7
714,V5L 3R2
715,V5L 3V3
716,V5L 3W7
717,V5L 3Y5
718,V5L 4A2
719,V5L 4A5
720,V5L 4A6
721,V5L 4A8
722,V5L 4B3
723,V5L 4K4
724,V5L 4L4
725,V5L 4L9
726,V5L 4N9
727,V5L 4X4
728,V5L 5A8
729,V5M 1C9
730,V5M 1G7
731,V5M 1G8
732,V5M 1H3
733,V5M 1J9
734,V5M 1L7
735,V5M 1V5
736,V5M 2B1
737,V5M 2M1
738,V5M 3B4
739,V5M 3J3
740,V5M 3K1
741,V5M 3M1
742,V5M 3M9
743,V5M 3N8
744,V5M 3R4
745,V5M 3T3
746,V5M 3T6
747,V5M 3W5
748,V5M 3X8
749,V5M 3Y7
750,V5M 4A3
751,V5M 4C5
752,V5M 4H7
753,V5M 4M5
754,V5M 4P7
755,V5M 4T9
756,V5M 4W7
757,V5N 1G8
758,V5N 1J2
759,V5N 1K6
760,V5N 1L9
761,V5N 1M6
762,V5N 1M8
763,V5N 1N1
764,V5N 1N7
765,V5N 1P9
766,V5N 1S7
767,V5N 2B9
768,V5N 2H6
769,V5N 2K8
770,V5N 2L2
771,V5N 2L5
772,V5N 2N2
773,V5N 2N7
774,V5N 2S2
775,V5N 2S9
776,V5N 2Y2
777,V5N 2Y4
778,V5N 3A9
779,V5N 3E2
780,V5N 3J1
781,V5N 3L9
782,V5N 3M1
783,V5N 3M4
784,V5N 3M8
785,V5N 3N7
786,V5N 3R2
787,V5N 3R5
788,V5N 3T6
789,V5N 3W1
790,V5N 3Y7
791,V5N 3Z6
792,V5N 4E5
793,V5N 4G2
794,V5N 4R2
795,V5N 4T7
796,V5N 4T8
797,V5N 4X7
798,V5N 4Y3
799,V5N 5H9
800,V5N 5K9
801,V5N 5N9
802,V5N 5R9
803,V5N 5T6
804,V5N 5X2
805,V5N 5X7
806,V5N 5Y2
807,V5N 5Z1
808,V5P 1B3
809,V5P 1C9
810,V5P 1H4
811,V5P 1J3
812,V5P 1J7
813,V5P 1V2
814,V5P 1X4
815,V5P 2L6
816,V5P 2S9
817,V5P 2V4
818,V5P 2Y1
819,V5P 3N6
820,V5P 4V5
821,V5P 4X7
822,V5P 4X8
823,V5R 1G5
824,V5R 1G9
825,V5R 1M4
826,V5R 1R8
827,V5R 2B9
828,V5R 2G3
829,V5R 2H8
830,V5R 2H9
831,V5R 2V5
832,V5R 3A2
833,V5R 3A6
834,V5R 3E1
835,V5R 3E3
836,V5R 3K5
837,V5R 3L3
838,V5R 3M7
839,V5R 3T7
840,V5R 3Y6
841,V5R 4B1
842,V5R 4H4
843,V5R 4K2
844,V5R 4L6
845,V5R 4N5
846,V5R 4P3
847,V5R 4Z4
848,V5R 5A6
849,V5R 5B5
850,V5R 5C7
851,V5R 5E1
852,V5R 5G5
853,V5R 5L9
854,V5R 5N9
855,V5R 5Y7
856,V5R 6B9
857,V5R 6C2
858,V5R 6G1
859,V5R 6H6
860,V5R 6H8
861,V5S 1H9
862,V5S 1P3
863,V5S 1Z7
864,V5S 2B7
865,V5S 3B8
866,V5S 3G7
867,V5S 3J7
868,V5S 3Y3
869,V5S 4G1
870,V5S 4G4
871,V5S 4G5
872,V5S 4K6
873,V5S 4R3
874,V5S 4V4
875,V5T 0A3
876,V5T 1A9
877,V5T 1B8
878,V5T 1E2
879,V5T 1H3
880,V5T 1J7
881,V5T 1L3
882,V5T 1M5
883,V5T 1N9
884,V5T 1P7
885,V5T 1S2
886,V5T 1S7
887,V5T 1X4
888,V5T 1Y4
889,V5T 1Z8
890,V5T 2B4
891,V5T 2C6
892,V5T 2E4
893,V5T 2E5
894,V5T 2L4
895,V5T 2M1
896,V5T 2M6
897,V5T 2N4
898,V5T 2P3
899,V5T 2R1
900,V5T 2R4
901,V5T 2S9
902,V5T 2V2
903,V5T 2V7
904,V5T 3C7
905,V5T 3H7
906,V5T 3J6
907,V5T 3K9
908,V5T 3L1
909,V5T 3L7
910,V5T 3R2
911,V5T 3R7
912,V5T 3S6
913,V5T 3T3
914,V5T 3V2
915,V5T 3W2
916,V5T 3X2
917,V5T 3Y3
918,V5T 3Y5
919,V5T 3Z5
920,V5T 3Z9
921,V5T 4P2
922,V5T 4V9
923,V5V 0E6
924,V5V 1B1
925,V5V 1G3
926,V5V 1H1
927,V5V 1R8
928,V5V 1V6
929,V5V 1Y2
930,V5V 2C8
931,V5V 2H7
932,V5V 2J5
933,V5V 2P1
934,V5V 2R5
935,V5V 2S2
936,V5V 2S7
937,V5V 2V3
938,V5V 2V5
939,V5V 2V6
940,V5V 2W6
941,V5V 2W8
942,V5V 2X3
943,V5V 2Y4
944,V5V 2Z4
945,V5V 3C8
946,V5V 3E5
947,V5V 3H4
948,V5V 3J1
949,V5V 3M8
950,V5V 3N8
951,V5V 3R2
952,V5V 3R3
953,V5V 3R6
954,V5V 3Y5
955,V5V 3Y9
956,V5V 4A7
957,V5V 4H1
958,V5V 4H4
959,V5V 4P4
960,V5V 4P7
961,V5V 4R3
962,V5V 4X4
963,V5V 4Y4
964,V5V 4Z5
965,V5V 5A6
966,V5V 5E5
967,V5V 5E7
968,V5W 1A1
969,V5W 1B4
970,V5W 1L3
971,V5W 1P6
972,V5W 1S5
973,V5W 1T4
974,V5W 1T6
975,V5W 1T9
976,V5W 1W1
977,V5W 1W3
978,V5W 1W7
979,V5W 1Y7
980,V5W 2G9
981,V5W 2J2
982,V5W 2K9
983,V5W 2L3
984,V5W 2N2
985,V5W 2N3
986,V5W 3H3
987,V5W 3M3
988,V5W 3M7
989,V5W 3W5
990,V5W 3X1
991,V5W 3Y3
992,V5W 3Z9
993,V5X 1A5
994,V5X 1E4
995,V5X 1G6
996,V5X 1P2
997,V5X 2B1
998,V5X 2C1
999,V5X 2E5
1000,V5X 2Z8
1001,V5X 3B2
1002,V5X 3K2
1003,V5X 3R2
1004,V5X 3T5
1005,V5X 3V5
1006,V5X 4C4
1007,V5X 4G2
1008,V5X 4L6
1009,V5X 4V3
1010,V5Y 1G4
1011,V5Y 1G8
1012,V5Y 1S6
1013,V5Y 1Y2
1014,V5Y 1Z6
1015,V5Y 2A1
1016,V5Y 2A5
1017,V5Y 2B2
1018,V5Y 2E8
1019,V5Y 2J6
1020,V5Y 2Y4
1021,V5Y 2Z3
1022,V5Y 3K5
1023,V5Y 3L9
1024,V5Y 3S5
1025,V5Y 3V8
1026,V5Y 4B6
1027,V5Z 1R7
1028,V5Z 1T2
1029,V5Z 1T9
1030,V5Z 1V2
1031,V5Z 1W4
1032,V5Z 1Y4
1033,V5Z 2H6
1034,V5Z 2R4
1035,V5Z 3G2
1036,V5Z 3H9
1037,V5Z 3R3
1038,V5Z 3T5
1039,V5Z 3V1
1040,V5Z 3V3
1041,V5Z 4P9
1042,V6A 1H5
1043,V6A 1L7
1044,V6A 1L9
1045,V6A 1S3
1046,V6A 1V1
1047,V6A 1V6
1048,V6A 1V9
1049,V6A 1Y7
1050,V6A 2A5
1051,V6A 2B6
1052,V6A 2K1
1053,V6A 2K7
1054,V6A 2P8
1055,V6A 2R1
1056,V6A 2Z8
1057,V6A 3A1
1058,V6A 3A8
1059,V6A 3E1
1060,V6A 3E5
1061,V6A 3J1
1062,V6A 3K2
1063,V6A 3X1
1064,V6A 3X4
1065,V6A 3Y1
1066,V6A 4E3
1067,V6A 4J2
1068,V6A 4J6
1069,V6B 1Y7
1070,V6B 2N4
1071,V6B 3A6
1072,V6B 3K3
1073,V6B 6L4
1074,V6C 1A8
1075,V6C 1N5
1076,V6C 3S1
1077,V6E 0C4
1078,V6E 1E8
1079,V6E 1K6
1080,V6E 1K7
1081,V6E 1L5
1082,V6E 1S4
1083,V6E 1S7
1084,V6E 1V3
1085,V6E 1V6
1086,V6E 2C2
1087,V6E 2C5
1088,V6E 2E5
1089,V6E 3V1
1090,V6G 1B6
1091,V6G 1K4
1092,V6G 1K6
1093,V6G 1N3
1094,V6G 1P1
1095,V6G 1P4
1096,V6G 1S1
1097,V6G 1S3
1098,V6G 1T1
1099,V6G 1T5
1100,V6G 1W6
1101,V6G 1W7
1102,V6G 1Y3
1103,V6G 2B5
1104,V6G 2B7
1105,V6G 2E9
1106,V6G 2G2
1107,V6G 2G7
1108,V6G 2H1
1109,V6G 2H3
1110,V6G 2L9
1111,V6G 2N5
1112,V6G 2N8
1113,V6G 2R6
1114,V6G 3E8
1115,V6H 1H2
1116,V6H 1J7
1117,V6H 1J9
1118,V6H 1L9
1119,V6H 1M3
1120,V6H 1M7
1121,V6H 1N5
1122,V6H 1N6
1123,V6H 1P6
1124,V6H 1R4
1125,V6H 1S1
1126,V6H 1S3
1127,V6H 1T1
1128,V6H 1V8
1129,V6H 1V9
1130,V6H 1W3
1131,V6H 1X2
1132,V6H 2K8
1133,V6H 2L2
1134,V6H 2L7
1135,V6H 2P9
1136,V6H 2S1
1137,V6H 2S2
1138,V6H 2S7
1139,V6H 2V7
1140,V6H 2W6
1141,V6H 2W9
1142,V6H 2Z9
1143,V6H 3B3
1144,V6H 3J3
1145,V6H 3J6
1146,V6H 3K2
1147,V6H 3L2
1148,V6H 3N6
1149,V6H 3X5
1150,V6H 3X9
1151,V6H 3Y9
1152,V6H 3Z3
1153,V6H 4B5
1154,V6H 4C8
1155,V6H 4E1
1156,V6J 0A8
1157,V6J 1B8
1158,V6J 1C3
1159,V6J 1L5
1160,V6J 1S4
1161,V6J 2H1
1162,V6J 2M6
1163,V6J 2T6
1164,V6J 3G2
1165,V6J 3G3
1166,V6J 3W2
1167,V6J 3Z3
1168,V6J 4J9
1169,V6J 4L2
1170,V6J 4T8
1171,V6J 4Z2
1172,V6J 5C1
1173,V6J 5K3
1174,V6K 1B4
1175,V6K 1B6
1176,V6K 1C2
1177,V6K 1C6
1178,V6K 1H7
1179,V6K 1J5
1180,V6K 1K5
1181,V6K 1L5
1182,V6K 1M4
1183,V6K 1P3
1184,V6K 1V8
1185,V6K 1W4
1186,V6K 1W6
1187,V6K 2A9
1188,V6K 2C5
1189,V6K 2E6
1190,V6K 2N5
1191,V6K 2P1
1192,V6K 2R2
1193,V6K 2R5
1194,V6K 3E5
1195,V6K 3J2
1196,V6K 3J3
1197,V6K 3J5
1198,V6K 3J6
1199,V6K 3K4
1200,V6K 3L4
1201,V6K 3M2
1202,V6K 3N1
1203,V6K 3R1
1204,V6K 3R5
1205,V6K 3S5
1206,V6K 3T6
1207,V6K 3W9
1208,V6K 3X2
1209,V6K 3Y3
1210,V6K 3Y8
1211,V6K 4J6
1212,V6K 4S4
1213,V6L 1A9
1214,V6L 1T6
1215,V6L 1X2
1216,V6L 1X4
1217,V6L 1Y5
1218,V6L 2A4
1219,V6L 2B9
1220,V6L 2C8
1221,V6L 2M7
1222,V6L 2T8
1223,V6L 2X7
1224,V6L 3E4
1225,V6L 3E5
1226,V6L 3H8
1227,V6M 1A3
1228,V6M 1E9
1229,V6M 1H9
1230,V6M 1L5
1231,V6M 1P5
1232,V6M 1V9
1233,V6M 1W6
1234,V6M 2N5
1235,V6M 2P5
1236,V6M 2P9
1237,V6M 3B2
1238,V6M 3B7
1239,V6M 3V6
1240,V6M 3W9
1241,V6M 3X6
1242,V6M 3Y1
1243,V6M 4B9
1244,V6M 4H1
1245,V6M 4J5
1246,V6M 4L4
1247,V6N 1G8
1248,V6N 1N3
1249,V6N 2B7
1250,V6N 2M9
1251,V6N 2N2
1252,V6N 2N7
1253,V6N 2S8
1254,V6N 2S9
1255,V6N 3E2
1256,V6N 3G3
1257,V6N 4A5
1258,V6N 4J1
1259,V6P 1H2
1260,V6P 1K7
1261,V6P 1N3
1262,V6P 1S5
1263,V6P 1W3
1264,V6P 2M4
1265,V6P 2T1
1266,V6P 2T3
1267,V6P 2T5
1268,V6P 2X5
1269,V6P 2Y4
1270,V6P 2Y7
1271,V6P 2Z5
1272,V6P 3A9
1273,V6P 3B4
1274,V6P 3B5
1275,V6P 3B8
1276,V6P 3C6
1277,V6P 3C7
1278,V6P 3C8
1279,V6P 3J3
1280,V6P 3X9
1281,V6P 3Z2
1282,V6P 4J3
1283,V6P 4L9
1284,V6P 4M2
1285,V6P 4M6
1286,V6P 4P7
1287,V6P 4P8
1288,V6P 4R5
1289,V6P 4V2
1290,V6P 4W4
1291,V6P 4Y3
1292,V6P 4Y6
1293,V6P 4Y7
1294,V6P 4Z9
1295,V6P 5A4
1296,V6P 6H2
1297,V6P 6V2
1298,V6R 0C7
1299,V6R 1B8
1300,V6R 1G9
1301,V6R 1K4
1302,V6R 1L6
1303,V6R 1S6
1304,V6R 1Y8
1305,V6R 2C3
1306,V6R 2J5
1307,V6R 2L7
1308,V6R 2M4
1309,V6R 2W4
1310,V6R 2X4
1311,V6R 2Z9
1312,V6R 3B8
1313,V6R 3C5
1314,V6R 3G5
1315,V6R 3S2
1316,V6R 3S8
1317,V6R 3T5
1318,V6R 3X4
1319,V6R 3Z8
1320,V6R 4G3
1321,V6R 4J2
1322,V6R 4R9
1323,V6S 1A1
1324,V6S 1B7
1325,V6S 1C2
1326,V6S 1G5
1327,V6S 1H3
1328,V6S 1H6
1329,V6S 1J7
1330,V6S 1K1
1331,V6S 1K7
1332,V6S 1L2
1333,V6S 1L3
1334,V6S 1L4
1335,V6S 1L8
1336,V6S 1M5
1337,V6S 1P4
1338,V6S 1V5
1339,V6S 1X3
1340,V6S 1Z2
1341,V6S 1Z3
1342,V6S 2C1
1343,V6S 2C4
1344,V6S 2C5
1345,V6S 2C7
1346,V6S 2C8
1347,V6S 2C9
1348,V6S 2E3
1349,V6S 2L2
1350,V6S 2L9
1351,V6S 2M9
1352,V6T 1Z2
1353,V6T 1Z4
1354,V6T 2B7
1355,V6T 2E7
1356,V6T 2G5
1357,V6T 2G8
1358,V6T 2H2
1359,V6T 2H3
1360,V6T 2J4
1361,V6T 2J8
1362,V6T 2L2
1363,V6T 2L6
1364,V7B 1B3
1365,V7H 0A2
1366,V7H 2Y1
1367,V7J 1G1
1368,V7J 1G4
1369,V7J 1H3
1370,V7J 1J3
1371,V7J 2C1
1372,V7J 2C2
1373,V7J 2H4
1374,V7J 2H8
1375,V7J 3H4
1376,V7J 3V8
1377,V7L 1A9
1378,V7L 1N1
1379,V7L 1N4
1380,V7L 1P1
1381,V7L 1Y9
1382,V7L 2C9
1383,V7L 2L6
1384,V7L 2L8
1385,V7L 2V9
1386,V7L 3H3
1387,V7L 3H7
1388,V7L 3L3
1389,V7L 3N4
1390,V7L 3N5
1391,V7L 4G8
1392,V7L 4M3
1393,V7L 4T1
1394,V7L 4V1
1395,V7L 4W1
1396,V7L 4X7
1397,V7L 4X9
1398,V7M 1A7
1399,V7M 1B4
1400,V7M 1B5
1401,V7M 1C8
1402,V7M 1E6
1403,V7M 1G1
1404,V7M 1G2
1405,V7M 1G4
1406,V7M 1K8
1407,V7M 1L1
1408,V7M 1M5
1409,V7M 1W1
1410,V7M 2A7
1411,V7M 2C2
1412,V7M 2E2
1413,V7M 2E9
1414,V7M 2H6
1415,V7M 2L9
1416,V7M 2R6
1417,V7M 2V8
1418,V7M 2V9
1419,V7M 2W1
1420,V7M 2W3
1421,V7M 2W5
1422,V7M 2X8
1423,V7M 2Z4
1424,V7M 3A9
1425,V7M 3B2
1426,V7M 3B3
1427,V7M 3E5
1428,V7M 3E6
1429,V7M 3H3
1430,V7M 3K1
1431,V7M 3K6
1432,V7M 3L5
1433,V7M 3M2
1434,V7P 1R9
1435,V7P 1V9
1436,V7P 2B4
1437,V7P 2K3
1438,V7P 2L2
1439,V7P 3J4
1440,V7P 3K7
1441,V7P 3P9
1442,V7P 3S1
1443,V7R 4V1
1444,V7R 4V6
1445,V6M 1M2
1446,V6T 2B5
1447,V6R 2B3
1448,V6Z 2M4
1449,V6Z 2Z4
1450,V5R 5S1
1451,V5R 0B3
1452,V6H 2N9
1453,V6M 4J6
1454,V6Z 3B4
1455,V6Z 1W2
1456,V6C 1V5
1457,V6N 3E6
1458,V6R 2N9
1459,V7B 0A1
1460,V6M 2Y5
1461,V5W 3S4
1462,V6A 3Z7
1463,V7M 2Y4
1464,V5M 3Y4
1465,V5N 3G5
1466,V5Z 2W7
1467,V6C 1X6
1468,V7H 2M5
1469,V5Z 1N2
1470,V6M 2B8
1471,V5R 5X4
1472,V6B 2Z4
1473,V5L 4T6
1474,V5R 3Z5
1475,V6M 1S7
1476,V6A 2C3
1477,V6M 1M1
1478,V6M 1P9
1479,V5K 2A3
1480,V6M 1X4
1481,V7B
1482,V5Y 1M4
1483,V5N 1X6
1484,V5Y 3Z5
1485,V5P 4R6
1486,V6B 0H8
1487,V7J 1C4
1488,V7X 1M7
1489,V6M 2V5
1490,V5L 1V2
1491,V6C 1T2
1492,V6M 2P7
1493,V6J 1P2
1494,V5Z 1E9
1495,V3K 7B3
1496,V5R 5H2
1497,V6M 2G8
1498,V6C 2X1
1499,V6M 1P6
1500,V6S 0A6
1501,V6C 2L1
1502,V6H 1L6
1503,V5L 1G8
1504,V5R 5L2
1505,V5P 3Z7
1506,V6M 1M3
1507,V5R 5K6
1508,V6C 1E1
1509,V6M 2Z1
1510,V6E 1B0
1511,V6M 1V2
1512,V6M 2H1
1513,V5P 2E7
1514,V6P 4P2
1515,V6J 1K2
1516,V5Y 1P3
1517,V6G 1W1
1518,V6B 1H5
1519,V6M 1R4
1520,V6Z 2X4
1521,V6C 3L6
1522,V6S 0B3
1523,V6G 2E1
1524,V6M 1T1
1525,V6M 2Z4
1526,V6E 1X5
1527,V5N 5K4
1528,V6Z 2Y3
1529,V6G 1C7
1530,V7P 1S3
1531,V6Z 1X9
1532,V5N 5H7
1533,V5N 3X3
1534,V5K 5C5
1535,V6M 2X4
1536,V6G 1E2
1537,V6R 3H8
1538,V6B 3M6
1539,V6B 1B2
1540,V6A 1Z6
1541,V6G 1W5
1542,V6E 1B5
1543,V3M 3Z4
1544,V6H 1R2
1545,V5W 1G5
1546,V6G 2P6
1547,V5P 4K7
1548,V6K 2G4
1549,V5P 3V1
1550,V6G 2J6
1551,V6M 1S9
1552,V6B 2B9
1553,V6H 1A4
1554,V5L 1T8
1555,V7L 0B2
1556,V5R 3W4
1557,V6A 3P8
1558,V5W 2A2
1559,V6Z 1A8
1560,V6R 1B9
1561,V6Z 2Z2
1562,V5X 1A9
1563,V5T 3A6
1564,V5R 3A8
1565,V6B 2E2
1566,V6Z 3G5
1567,V5Y 1L6
1568,V5M 2Y3
1569,V6J 1A3
1570,V6Z 3B7
1571,V6B 4K2
1572,V6M 1X2
1573,V5Z 3N6
1574,V6H 3Z6
1575,V5N 1X5
1576,V5R 5H7
1577,V5Y 0A6
1578,V5Z 1P4
1579,V6E 4T9
1580,V5Z 1M9
1581,V5T 4T3
1582,V5Y 2H5
1583,V5Z 1P2
1584,V5W 1J4
1585,V5R 1N4
1586,V6M 1X5
1587,V6K 2G8
1588,V6E 2R9
1589,V5R 0B2
1590,V5P 3W5
1591,V3J 3Z9
1592,V5H 0C6
1593,V6G 2P7
1594,V6K 2G3
1595,V5P 3Y9
1596,V5L 1H3
1597,V6B 3A7
1598,V7M 3H8
1599,V5R 5L3
1600,V5K 4X7
1601,V3L 4P8
1602,V6H 2M9
1603,V5Y 1C8
1604,V5Z 0C9
1605,V6E 2V2
1606,V6R 4L9
1607,V5M 3W2
1608,V7M 2J1
1609,V5R 5G4
1610,V6K 4M9
1611,V6B 3M1
1612,V6B 0E7
1613,V5T 1X3
1614,V5Y 0A4
1615,V5M 4S1
1616,V5P 3T8
1617,V5P 1J8
1618,V5K 1Z1
1619,V5M 1B1
1620,V6Z 2R6
1621,V5S 1Y5
1622,V5N 1W2
1623,V6E 1M3
1624,V6T 1Z1
1625,V6B 2G5
1626,V3L 0A5
1627,V5N 4B2
1628,V6G 3E3
1629,V6H 3J9
1630,V6B 1A4
1631,V5P 3T1
1632,V6A0H6
1633,V5M 3K5
1634,V6H 4B6
1635,V6K 1P8
1636,V6L 2Z1
1637,V6J 1K7
1638,V6J 1K1
1639,V5Z 4H4
1640,V6K 1P1
1641,V5M 3T8
1642,V6B 0J2
1643,V5K 3L8
1644,V6B 1R8
1645,V6A 4J1
1646,V5M 2Y5
1647,V5R 5M2
1648,V3L 3S1
1649,V7M 3E3
1650,V5C 2S8
1651,V6K 1R1
1652,V6Z 1L2
1653,V5R 2T9
1654,V6B 6A2
1655,V5Z 2W8
1656,V3L 3T6
1657,V5T 3R8
1658,V5T 1M6
1659,V5K 4E1
1660,V5L 5C5
1661,V6K 1N8
1662,V6H 4C1
1663,V3M 6G1
1664,V6R 1P1
1665,V5V 3C7
1666,V6K 4B3
1667,V6C 1G8
1668,V6E 1P7
1669,V3M 0G3
1670,V5G 4X8
1671,V5R 1M5
1672,V5R 5W2
1673,V5R 5H6
1674,V5L 2Y6
1675,V5V 4E4
1676,V5S 2J4
1677,V6B 1G9
1678,V6B 1N3
1679,V6E 4L8
1680,V6K 4C9
1681,V5L 1E3
1682,V5M 1Y8
